Date,Category,Location,Booster_Eligible,Booster_Eligible_NotBoosted,Booster_Eligible_Boosted_Pct,Booster_Eligible_NotBoosted_Pct,Booster_Eligible_US_Pct,Booster_Eligible_12Plus,Booster_Eligible_NotBoosted_12Plus,Booster_Eligible_Boosted_12Plus_Pct,Booster_Eligible_NotBoosted_12Plus_Pct,Booster_Eligible_US_12Plus_Pct,Booster_Eligible_18Plus,Booster_Eligible_NotBoosted_18Plus,Booster_Eligible_Boosted_18Plus_Pct,Booster_Eligible_NotBoosted_18Plus_Pct,Booster_Eligible_US_18Plus_Pct,Booster_Eligible_50Plus,Booster_Eligible_NotBoosted_50Plus,Booster_Eligible_Boosted_50Plus_Pct,Booster_Eligible_NotBoosted_50Plus_Pct,Booster_Eligible_US_50Plus_Pct,Booster_Eligible_65Plus,Booster_Eligible_NotBoosted_65Plus,Booster_Eligible_Boosted_65Plus_Pct,Booster_Eligible_NotBoosted_65Plus_Pct,Booster_Eligible_US_65Plus_Pct
4/13/2022 0:00,Total_Population,US,"182,668,608","90,681,766",50.4,49.6,100,"182,668,608","90,681,766",50.4,49.6,100,"170,963,458","82,795,462",51.6,48.4,100,"90,057,745","34,867,209",61.3,38.7,100,"44,529,513","14,817,597",66.7,33.3,100
4/13/2022 0:00,Race_eth_NHMultiracial,US,"1,394,686","641,417",54,46,0.8,"1,394,686","641,417",54,46,0.8,"1,174,825","499,673",57.5,42.5,0.7,"527,831","161,045",69.5,30.5,0.6,"264,391","69,596",73.7,26.3,0.6
4/13/2022 0:00,Race_eth_NHNHOPI,US,"467,843","244,688",47.7,52.3,0.3,"467,843","244,688",47.7,52.3,0.3,"423,558","215,520",49.1,50.9,0.2,"168,015","64,640",61.5,38.5,0.2,"66,650","22,934",65.6,34.4,0.1
4/13/2022 0:00,Race_eth_NHBlack,US,"13,889,538","7,833,600",43.6,56.4,7.6,"13,889,538","7,833,600",43.6,56.4,7.6,"12,829,560","7,007,297",45.4,54.6,7.5,"6,701,868","2,836,004",57.7,42.3,7.4,"2,830,725","1,011,255",64.3,35.7,6.4
4/13/2022 0:00,Race_eth_unknown,US,"43,695,202","22,809,181",47.8,52.2,23.9,"43,695,202","22,809,181",47.8,52.2,23.9,"42,022,825","21,627,999",48.5,51.5,24.6,"22,120,908","9,334,080",57.8,42.2,24.6,"10,637,556","3,898,681",63.3,36.7,23.9
4/13/2022 0:00,Race_eth_known,US,"138,973,406","67,872,585",51.2,48.8,76.1,"138,973,406","67,872,585",51.2,48.8,76.1,"128,940,633","61,167,463",52.6,47.4,75.4,"67,936,837","25,533,129",62.4,37.6,75.4,"33,891,957","10,918,916",67.8,32.2,76.1
4/13/2022 0:00,Race_eth_NHOther,US,"5,290,151","2,639,599",50.1,49.9,2.9,"5,290,151","2,639,599",50.1,49.9,2.9,"4,886,114","2,371,971",51.5,48.5,2.9,"2,440,258","947,903",61.2,38.8,2.7,"1,237,113","426,493",65.5,34.5,2.8
4/13/2022 0:00,Race_eth_NHAsian,US,"9,452,282","3,750,697",60.3,39.7,5.2,"9,452,282","3,750,697",60.3,39.7,5.2,"8,630,600","3,324,022",61.5,38.5,5,"3,363,567","1,044,414",68.9,31.1,3.7,"1,400,179","382,328",72.7,27.3,3.1
4/13/2022 0:00,Race_eth_Hispanic,US,"24,043,537","14,259,617",40.7,59.3,13.2,"24,043,537","14,259,617",40.7,59.3,13.2,"21,413,512","12,349,113",42.3,57.7,12.5,"7,943,796","3,516,695",55.7,44.3,8.8,"3,001,111","1,130,171",62.3,37.7,6.7
4/13/2022 0:00,Race_eth_NHAIAN,US,"1,245,545","674,480",45.8,54.2,0.7,"1,245,545","674,480",45.8,54.2,0.7,"1,114,741","582,310",47.8,52.2,0.7,"522,456","220,380",57.8,42.2,0.6,"223,210","84,636",62.1,37.9,0.5
4/13/2022 0:00,Race_eth_NHWhite,US,"83,189,824","37,828,487",54.5,45.5,45.5,"83,189,824","37,828,487",54.5,45.5,45.5,"78,467,723","34,817,557",55.6,44.4,45.9,"46,269,046","16,742,048",63.8,36.2,51.4,"24,868,578","7,791,503",68.7,31.3,55.8
4/13/2022 0:00,Race_eth_NHMult_Oth,US,"6,684,837","3,281,016",50.9,49.1,3.7,"6,684,837","3,281,016",50.9,49.1,3.7,"6,060,939","2,871,644",52.6,47.4,3.5,"2,968,089","1,108,948",62.6,37.4,3.3,"1,501,504","496,089",67,33,3.4
4/6/2022 0:00,Race_eth_NHWhite,US,"82,802,383","37,717,042",54.4,45.6,45.6,"82,802,383","37,717,042",54.4,45.6,45.6,"78,111,302","34,721,505",55.5,44.5,45.9,"46,098,074","16,759,900",63.6,36.4,51.4,"24,780,174","7,824,830",68.4,31.6,55.9
4/6/2022 0:00,Race_eth_Hispanic,US,"23,842,184","14,162,178",40.6,59.4,13.1,"23,842,184","14,162,178",40.6,59.4,13.1,"21,241,497","12,267,323",42.2,57.8,12.5,"7,894,706","3,506,110",55.6,44.4,8.8,"2,982,026","1,126,500",62.2,37.8,6.7
4/6/2022 0:00,Race_eth_NHOther,US,"5,255,407","2,627,811",50,50,2.9,"5,255,407","2,627,811",50,50,2.9,"4,855,005","2,361,773",51.4,48.6,2.9,"2,428,059","947,925",61,39,2.7,"1,231,534","427,802",65.3,34.7,2.8
4/6/2022 0:00,Total_Population,US,"181,657,522","90,322,084",50.3,49.7,100,"181,657,522","90,322,084",50.3,49.7,100,"170,049,570","82,484,600",51.5,48.5,100,"89,696,522","34,884,385",61.1,38.9,100,"44,363,843","14,870,392",66.5,33.5,100
4/6/2022 0:00,Race_eth_known,US,"138,157,375","67,570,701",51.1,48.9,76.1,"138,157,375","67,570,701",51.1,48.9,76.1,"128,208,900","60,907,559",52.5,47.5,75.4,"67,643,127","25,533,110",62.3,37.7,75.4,"33,753,133","10,949,790",67.6,32.4,76.1
4/6/2022 0:00,Race_eth_NHMult_Oth,US,"6,638,864","3,263,850",50.8,49.2,3.7,"6,638,864","3,263,850",50.8,49.2,3.7,"6,020,474","2,857,024",52.5,47.5,3.5,"2,952,335","1,108,223",62.5,37.5,3.3,"1,494,227","497,290",66.7,33.3,3.4
4/6/2022 0:00,Race_eth_unknown,US,"43,500,147","22,751,383",47.7,52.3,23.9,"43,500,147","22,751,383",47.7,52.3,23.9,"41,840,670","21,577,041",48.4,51.6,24.6,"22,053,395","9,351,275",57.6,42.4,24.6,"10,610,710","3,920,602",63.1,36.9,23.9
4/6/2022 0:00,Race_eth_NHNHOPI,US,"463,746","243,477",47.5,52.5,0.3,"463,746","243,477",47.5,52.5,0.3,"420,229","214,692",48.9,51.1,0.2,"167,131","64,731",61.3,38.7,0.2,"66,331","22,995",65.3,34.7,0.1
4/6/2022 0:00,Race_eth_NHAsian,US,"9,403,996","3,742,710",60.2,39.8,5.2,"9,403,996","3,742,710",60.2,39.8,5.2,"8,586,715","3,315,678",61.4,38.6,5,"3,344,562","1,042,509",68.8,31.2,3.7,"1,390,931","381,634",72.6,27.4,3.1
4/6/2022 0:00,Race_eth_NHAIAN,US,"1,237,149","671,628",45.7,54.3,0.7,"1,237,149","671,628",45.7,54.3,0.7,"1,107,530","579,888",47.6,52.4,0.7,"519,946","220,371",57.6,42.4,0.6,"222,226","84,822",61.8,38.2,0.5
4/6/2022 0:00,Race_eth_NHBlack,US,"13,769,053","7,769,816",43.6,56.4,7.6,"13,769,053","7,769,816",43.6,56.4,7.6,"12,721,153","6,951,449",45.4,54.6,7.5,"6,666,373","2,831,266",57.5,42.5,7.4,"2,817,218","1,011,719",64.1,35.9,6.4
4/6/2022 0:00,Race_eth_NHMultiracial,US,"1,383,457","636,039",54,46,0.8,"1,383,457","636,039",54,46,0.8,"1,165,469","495,251",57.5,42.5,0.7,"524,276","160,298",69.4,30.6,0.6,"262,693","69,488",73.5,26.5,0.6
3/30/2022 0:00,Race_eth_NHBlack,US,"13,636,781","7,698,509",43.5,56.5,7.6,"13,636,781","7,698,509",43.5,56.5,7.6,"12,603,239","6,889,216",45.3,54.7,7.5,"6,628,094","2,823,094",57.4,42.6,7.4,"2,802,179","1,008,965",64,36,6.3
3/30/2022 0:00,Race_eth_NHNHOPI,US,"459,030","241,924",47.3,52.7,0.3,"459,030","241,924",47.3,52.7,0.3,"416,418","213,547",48.7,51.3,0.2,"166,199","64,823",61,39,0.2,"65,956","22,991",65.1,34.9,0.1
3/30/2022 0:00,Race_eth_NHWhite,US,"82,388,141","37,619,074",54.3,45.7,45.6,"82,388,141","37,619,074",54.3,45.7,45.6,"77,730,930","34,635,117",55.4,44.6,46,"45,912,517","16,773,344",63.5,36.5,51.4,"24,679,464","7,838,780",68.2,31.8,55.9
3/30/2022 0:00,Total_Population,US,"180,608,571","90,008,928",50.2,49.8,100,"180,608,571","90,008,928",50.2,49.8,100,"169,110,574","82,214,841",51.4,48.6,100,"89,328,712","34,910,844",60.9,39.1,100,"44,186,544","14,900,892",66.3,33.7,100
3/30/2022 0:00,Race_eth_NHMult_Oth,US,"6,592,671","3,248,845",50.7,49.3,3.7,"6,592,671","3,248,845",50.7,49.3,3.7,"5,980,264","2,844,364",52.4,47.6,3.5,"2,936,212","1,107,105",62.3,37.7,3.3,"1,485,839","496,794",66.6,33.4,3.4
3/30/2022 0:00,Race_eth_NHMultiracial,US,"1,373,142","631,620",54,46,0.8,"1,373,142","631,620",54,46,0.8,"1,156,950","491,462",57.5,42.5,0.7,"521,114","159,536",69.4,30.6,0.6,"261,023","69,075",73.5,26.5,0.6
3/30/2022 0:00,Race_eth_NHAIAN,US,"1,227,644","667,483",45.6,54.4,0.7,"1,227,644","667,483",45.6,54.4,0.7,"1,099,319","576,089",47.6,52.4,0.7,"517,008","219,431",57.6,42.4,0.6,"221,069","84,472",61.8,38.2,0.5
3/30/2022 0:00,Race_eth_Hispanic,US,"23,645,106","14,102,511",40.4,59.6,13.1,"23,645,106","14,102,511",40.4,59.6,13.1,"21,078,388","12,221,187",42,58,12.5,"7,856,569","3,519,720",55.2,44.8,8.8,"2,967,025","1,134,156",61.8,38.2,6.7
3/30/2022 0:00,Race_eth_NHAsian,US,"9,361,923","3,739,618",60.1,39.9,5.2,"9,361,923","3,739,618",60.1,39.9,5.2,"8,548,639","3,310,755",61.3,38.7,5.1,"3,327,834","1,039,352",68.8,31.2,3.7,"1,382,143","378,915",72.6,27.4,3.1
3/30/2022 0:00,Race_eth_unknown,US,"43,297,275","22,690,964",47.6,52.4,24,"43,297,275","22,690,964",47.6,52.4,24,"41,653,377","21,524,566",48.3,51.7,24.6,"21,984,279","9,363,975",57.4,42.6,24.6,"10,582,869","3,935,819",62.8,37.2,24
3/30/2022 0:00,Race_eth_known,US,"137,311,296","67,317,964",51,49,76,"137,311,296","67,317,964",51,49,76,"127,457,197","60,690,275",52.4,47.6,75.4,"67,344,433","25,546,869",62.1,37.9,75.4,"33,603,675","10,965,073",67.4,32.6,76
3/30/2022 0:00,Race_eth_NHOther,US,"5,219,529","2,617,225",49.9,50.1,2.9,"5,219,529","2,617,225",49.9,50.1,2.9,"4,823,314","2,352,902",51.2,48.8,2.9,"2,415,098","947,569",60.8,39.2,2.7,"1,224,816","427,719",65.1,34.9,2.8
3/23/2022 0:00,Race_eth_unknown,US,"43,073,858","22,582,433",47.6,52.4,24,"43,073,858","22,582,433",47.6,52.4,24,"41,445,294","21,423,653",48.3,51.7,24.7,"21,904,756","9,338,512",57.4,42.6,24.6,"10,548,017","3,923,954",62.8,37.2,24
3/23/2022 0:00,Race_eth_NHAIAN,US,"1,218,052","663,436",45.5,54.5,0.7,"1,218,052","663,436",45.5,54.5,0.7,"1,091,243","572,496",47.5,52.5,0.6,"514,227","218,409",57.5,42.5,0.6,"219,905","83,922",61.8,38.2,0.5
3/23/2022 0:00,Race_eth_NHWhite,US,"81,937,761","37,388,820",54.4,45.6,45.7,"81,937,761","37,388,820",54.4,45.6,45.7,"77,316,681","34,418,578",55.5,44.5,46,"45,703,656","16,675,628",63.5,36.5,51.4,"24,560,678","7,774,549",68.3,31.7,55.8
3/23/2022 0:00,Total_Population,US,"179,474,235","89,435,794",50.2,49.8,100,"179,474,235","89,435,794",50.2,49.8,100,"168,090,673","81,693,504",51.4,48.6,100,"88,916,123","34,740,945",60.9,39.1,100,"43,978,656","14,797,722",66.4,33.6,100
3/23/2022 0:00,Race_eth_NHBlack,US,"13,486,286","7,607,148",43.6,56.4,7.5,"13,486,286","7,607,148",43.6,56.4,7.5,"12,469,013","6,808,377",45.4,54.6,7.4,"6,584,467","2,805,612",57.4,42.6,7.4,"2,785,269","1,001,213",64.1,35.9,6.3
3/23/2022 0:00,Race_eth_NHNHOPI,US,"454,870","241,348",46.9,53.1,0.3,"454,870","241,348",46.9,53.1,0.3,"412,931","212,940",48.4,51.6,0.2,"165,314","64,990",60.7,39.3,0.2,"65,616","22,955",65,35,0.1
3/23/2022 0:00,Race_eth_known,US,"136,400,377","66,853,361",51,49,76,"136,400,377","66,853,361",51,49,76,"126,645,379","60,269,851",52.4,47.6,75.3,"67,011,367","25,402,433",62.1,37.9,75.4,"33,430,639","10,873,768",67.5,32.5,76
3/23/2022 0:00,Race_eth_NHAsian,US,"9,319,591","3,729,287",60,40,5.2,"9,319,591","3,729,287",60,40,5.2,"8,510,599","3,299,662",61.2,38.8,5.1,"3,310,990","1,031,456",68.8,31.2,3.7,"1,372,685","372,495",72.9,27.1,3.1
3/23/2022 0:00,Race_eth_Hispanic,US,"23,441,174","14,000,307",40.3,59.7,13.1,"23,441,174","14,000,307",40.3,59.7,13.1,"20,907,968","12,136,297",42,58,12.4,"7,813,978","3,507,739",55.1,44.9,8.8,"2,950,203","1,127,562",61.8,38.2,6.7
3/23/2022 0:00,Race_eth_NHMult_Oth,US,"6,542,643","3,223,015",50.7,49.3,3.6,"6,542,643","3,223,015",50.7,49.3,3.6,"5,936,944","2,821,501",52.5,47.5,3.5,"2,918,735","1,098,599",62.4,37.6,3.3,"1,476,283","491,072",66.7,33.3,3.4
3/16/2022 0:00,Race_eth_NHAsian,US,"9,282,484","3,731,082",59.8,40.2,5.2,"9,282,484","3,731,082",59.8,40.2,5.2,"8,477,886","3,299,496",61.1,38.9,5.1,"3,299,097","1,030,078",68.8,31.2,3.7,"1,367,127","370,526",72.9,27.1,3.1
3/16/2022 0:00,Race_eth_NHBlack,US,"13,327,706","7,512,086",43.6,56.4,7.5,"13,327,706","7,512,086",43.6,56.4,7.5,"12,328,679","6,725,192",45.5,54.5,7.4,"6,542,748","2,792,454",57.3,42.7,7.4,"2,771,436","997,518",64,36,6.3
3/16/2022 0:00,Race_eth_known,US,"135,517,614","66,438,765",51,49,76,"135,517,614","66,438,765",51,49,76,"125,872,284","59,902,786",52.4,47.6,75.3,"66,744,932","25,326,004",62.1,37.9,75.4,"33,316,672","10,839,043",67.5,32.5,76
3/16/2022 0:00,Race_eth_NHNHOPI,US,"450,259","239,867",46.7,53.3,0.3,"450,259","239,867",46.7,53.3,0.3,"408,918","211,539",48.3,51.7,0.2,"164,431","65,066",60.4,39.6,0.2,"65,344","22,931",64.9,35.1,0.1
3/16/2022 0:00,Race_eth_NHWhite,US,"81,536,348","37,203,308",54.4,45.6,45.7,"81,536,348","37,203,308",54.4,45.6,45.7,"76,955,948","34,248,441",55.5,44.5,46.1,"45,550,127","16,626,332",63.5,36.5,51.4,"24,487,277","7,750,971",68.3,31.7,55.9
3/16/2022 0:00,Race_eth_NHAIAN,US,"1,208,796","660,238",45.4,54.6,0.7,"1,208,796","660,238",45.4,54.6,0.7,"1,083,552","569,682",47.4,52.6,0.6,"511,915","217,995",57.4,42.6,0.6,"219,070","83,716",61.8,38.2,0.5
3/16/2022 0:00,Total_Population,US,"178,361,566","88,916,585",50.1,49.9,100,"178,361,566","88,916,585",50.1,49.9,100,"167,105,208","81,230,416",51.4,48.6,100,"88,577,742","34,649,859",60.9,39.1,100,"43,837,102","14,759,940",66.3,33.7,100
3/16/2022 0:00,Race_eth_NHMult_Oth,US,"6,492,429","3,197,638",50.7,49.3,3.6,"6,492,429","3,197,638",50.7,49.3,3.6,"5,893,870","2,799,169",52.5,47.5,3.5,"2,903,929","1,092,546",62.4,37.6,3.3,"1,469,427","487,876",66.8,33.2,3.4
3/16/2022 0:00,Race_eth_unknown,US,"42,843,952","22,477,820",47.5,52.5,24,"42,843,952","22,477,820",47.5,52.5,24,"41,232,924","21,327,630",48.3,51.7,24.7,"21,832,810","9,323,855",57.3,42.7,24.6,"10,520,430","3,920,897",62.7,37.3,24
3/16/2022 0:00,Race_eth_Hispanic,US,"23,219,592","13,894,546",40.2,59.8,13,"23,219,592","13,894,546",40.2,59.8,13,"20,723,431","12,049,267",41.9,58.1,12.4,"7,772,685","3,501,533",55,45,8.8,"2,936,991","1,125,505",61.7,38.3,6.7
3/9/2022 0:00,Race_eth_NHNHOPI,US,"444,123","239,356",46.1,53.9,0.3,"444,123","239,356",46.1,53.9,0.3,"403,715","211,001",47.7,52.3,0.2,"163,397","65,586",59.9,40.1,0.2,"65,051","23,033",64.6,35.4,0.1
3/9/2022 0:00,Race_eth_NHMult_Oth,US,"6,422,326","3,159,575",50.8,49.2,3.6,"6,422,326","3,159,575",50.8,49.2,3.6,"5,832,883","2,765,631",52.6,47.4,3.5,"2,881,084","1,082,519",62.4,37.6,3.3,"1,459,027","483,060",66.9,33.1,3.3
3/9/2022 0:00,Race_eth_NHBlack,US,"13,146,306","7,400,165",43.7,56.3,7.4,"13,146,306","7,400,165",43.7,56.3,7.4,"12,169,210","6,628,731",45.5,54.5,7.3,"6,496,027","2,777,297",57.2,42.8,7.4,"2,756,664","994,105",63.9,36.1,6.3
3/9/2022 0:00,Race_eth_unknown,US,"42,591,820","22,347,921",47.5,52.5,24.1,"42,591,820","22,347,921",47.5,52.5,24.1,"41,001,839","21,209,197",48.3,51.7,24.7,"21,766,645","9,308,130",57.2,42.8,24.7,"10,504,377","3,921,828",62.7,37.3,24
3/9/2022 0:00,Race_eth_known,US,"134,438,610","65,916,816",51,49,75.9,"134,438,610","65,916,816",51,49,75.9,"124,929,310","59,444,582",52.4,47.6,75.3,"66,427,829","25,231,813",62,38,75.3,"33,186,738","10,800,717",67.5,32.5,76
3/9/2022 0:00,Race_eth_Hispanic,US,"22,960,900","13,770,226",40,60,13,"22,960,900","13,770,226",40,60,13,"20,507,944","11,946,661",41.7,58.3,12.4,"7,724,247","3,493,087",54.8,45.2,8.8,"2,918,576","1,122,413",61.5,38.5,6.7
3/9/2022 0:00,Total_Population,US,"177,030,430","88,264,737",50.1,49.9,100,"177,030,430","88,264,737",50.1,49.9,100,"165,931,149","80,653,779",51.4,48.6,100,"88,194,474","34,539,943",60.8,39.2,100,"43,691,115","14,722,545",66.3,33.7,100
3/9/2022 0:00,Race_eth_NHAIAN,US,"1,198,066","656,170",45.2,54.8,0.7,"1,198,066","656,170",45.2,54.8,0.7,"1,074,734","566,409",47.3,52.7,0.6,"509,291","217,573",57.3,42.7,0.6,"218,160","83,551",61.7,38.3,0.5
3/9/2022 0:00,Race_eth_NHAsian,US,"9,240,788","3,730,254",59.6,40.4,5.2,"9,240,788","3,730,254",59.6,40.4,5.2,"8,441,547","3,297,671",60.9,39.1,5.1,"3,287,308","1,028,809",68.7,31.3,3.7,"1,361,850","368,684",72.9,27.1,3.1
3/9/2022 0:00,Race_eth_NHWhite,US,"81,026,101","36,961,070",54.4,45.6,45.8,"81,026,101","36,961,070",54.4,45.6,45.8,"76,499,277","34,028,478",55.5,44.5,46.1,"45,366,475","16,566,942",63.5,36.5,51.4,"24,407,410","7,725,871",68.3,31.7,55.9
3/2/2022 0:00,Total_Population,US,"175,509,124","87,635,813",50.1,49.9,100,"175,509,124","87,635,813",50.1,49.9,100,"164,598,504","80,111,268",51.3,48.7,100,"87,759,151","34,468,929",60.7,39.3,100,"43,522,736","14,707,922",66.2,33.8,100
3/2/2022 0:00,Race_eth_NHNHOPI,US,"437,655","238,032",45.6,54.4,0.2,"437,655","238,032",45.6,54.4,0.2,"398,229","209,861",47.3,52.7,0.2,"162,286","65,957",59.4,40.6,0.2,"64,713","23,116",64.3,35.7,0.1
3/2/2022 0:00,Race_eth_NHWhite,US,"80,427,236","36,690,500",54.4,45.6,45.8,"80,427,236","36,690,500",54.4,45.6,45.8,"75,968,020","33,788,533",55.5,44.5,46.2,"45,156,664","16,513,461",63.4,36.6,51.5,"24,316,665","7,711,172",68.3,31.7,55.9
3/2/2022 0:00,Race_eth_unknown,US,"42,273,891","22,223,963",47.4,52.6,24.1,"42,273,891","22,223,963",47.4,52.6,24.1,"40,709,670","21,098,136",48.2,51.8,24.7,"21,672,065","9,300,502",57.1,42.9,24.7,"10,472,558","3,925,682",62.5,37.5,24.1
3/2/2022 0:00,Race_eth_NHAIAN,US,"1,184,975","650,728",45.1,54.9,0.7,"1,184,975","650,728",45.1,54.9,0.7,"1,064,142","562,162",47.2,52.8,0.6,"505,931","216,772",57.2,42.8,0.6,"216,917","83,231",61.6,38.4,0.5
3/2/2022 0:00,Race_eth_NHAsian,US,"9,195,006","3,740,554",59.3,40.7,5.2,"9,195,006","3,740,554",59.3,40.7,5.2,"8,401,967","3,305,416",60.7,39.3,5.1,"3,275,113","1,031,139",68.5,31.5,3.7,"1,356,099","367,768",72.9,27.1,3.1
3/2/2022 0:00,Race_eth_NHMult_Oth,US,"6,354,920","3,131,551",50.7,49.3,3.6,"6,354,920","3,131,551",50.7,49.3,3.6,"5,775,862","2,742,225",52.5,47.5,3.5,"2,863,259","1,078,896",62.3,37.7,3.3,"1,451,566","481,493",66.8,33.2,3.3
3/2/2022 0:00,Race_eth_known,US,"133,235,233","65,411,850",50.9,49.1,75.9,"133,235,233","65,411,850",50.9,49.1,75.9,"123,888,834","59,013,132",52.4,47.6,75.3,"66,087,086","25,168,427",61.9,38.1,75.3,"33,050,178","10,782,240",67.4,32.6,75.9
3/2/2022 0:00,Race_eth_Hispanic,US,"22,682,642","13,668,861",39.7,60.3,12.9,"22,682,642","13,668,861",39.7,60.3,12.9,"20,279,233","11,866,822",41.5,58.5,12.3,"7,676,055","3,494,703",54.5,45.5,8.7,"2,902,859","1,122,908",61.3,38.7,6.7
3/2/2022 0:00,Race_eth_NHBlack,US,"12,952,799","7,291,624",43.7,56.3,7.4,"12,952,799","7,291,624",43.7,56.3,7.4,"12,001,381","6,538,113",45.5,54.5,7.3,"6,447,778","2,767,499",57.1,42.9,7.3,"2,741,359","992,552",63.8,36.2,6.3
2/23/2022 0:00,Race_eth_NHWhite,US,"79,547,036","36,186,411",54.5,45.5,45.9,"79,547,036","36,186,411",54.5,45.5,45.9,"75,195,027","33,345,929",55.7,44.3,46.2,"44,848,054","16,371,473",63.5,36.5,51.5,"24,183,430","7,652,096",68.4,31.6,55.9
2/23/2022 0:00,Race_eth_NHMult_Oth,US,"6,253,979","3,078,892",50.8,49.2,3.6,"6,253,979","3,078,892",50.8,49.2,3.6,"5,692,105","2,699,705",52.6,47.4,3.5,"2,836,496","1,068,736",62.3,37.7,3.3,"1,440,547","476,931",66.9,33.1,3.3
2/23/2022 0:00,Race_eth_NHAIAN,US,"1,167,863","641,354",45.1,54.9,0.7,"1,167,863","641,354",45.1,54.9,0.7,"1,050,254","554,580",47.2,52.8,0.6,"501,628","214,930",57.2,42.8,0.6,"215,400","82,538",61.7,38.3,0.5
2/23/2022 0:00,Race_eth_NHNHOPI,US,"428,259","233,987",45.4,54.6,0.2,"428,259","233,987",45.4,54.6,0.2,"390,450","206,824",47,53,0.2,"160,594","65,907",59,41,0.2,"64,249","23,094",64.1,35.9,0.1
2/23/2022 0:00,Race_eth_Hispanic,US,"22,253,261","13,466,195",39.5,60.5,12.8,"22,253,261","13,466,195",39.5,60.5,12.8,"19,933,473","11,708,599",41.3,58.7,12.3,"7,601,804","3,480,133",54.2,45.8,8.7,"2,879,530","1,117,611",61.2,38.8,6.7
2/23/2022 0:00,Race_eth_unknown,US,"41,807,242","21,979,419",47.4,52.6,24.1,"41,807,242","21,979,419",47.4,52.6,24.1,"40,283,854","20,878,992",48.2,51.8,24.8,"21,535,937","9,259,960",57,43,24.7,"10,428,125","3,917,830",62.4,37.6,24.1
2/23/2022 0:00,Total_Population,US,"173,261,855","86,460,615",50.1,49.9,100,"173,261,855","86,460,615",50.1,49.9,100,"162,656,625","79,108,322",51.4,48.6,100,"87,122,931","34,242,974",60.7,39.3,100,"43,280,151","14,624,641",66.2,33.8,100
2/23/2022 0:00,Race_eth_NHBlack,US,"12,677,055","7,127,220",43.8,56.2,7.3,"12,677,055","7,127,220",43.8,56.2,7.3,"11,766,322","6,403,900",45.6,54.4,7.2,"6,380,261","2,748,885",56.9,43.1,7.3,"2,720,655","988,659",63.7,36.3,6.3
2/23/2022 0:00,Race_eth_NHAsian,US,"9,127,160","3,747,137",58.9,41.1,5.3,"9,127,160","3,747,137",58.9,41.1,5.3,"8,345,140","3,309,793",60.3,39.7,5.1,"3,258,157","1,032,950",68.3,31.7,3.7,"1,348,215","365,882",72.9,27.1,3.1
2/23/2022 0:00,Race_eth_known,US,"131,454,613","64,481,196",50.9,49.1,75.9,"131,454,613","64,481,196",50.9,49.1,75.9,"122,372,771","58,229,330",52.4,47.6,75.2,"65,586,994","24,983,014",61.9,38.1,75.3,"32,852,026","10,706,811",67.4,32.6,75.9
2/16/2022 0:00,Race_eth_NHAIAN,US,"1,152,245","634,393",44.9,55.1,0.7,"1,152,245","634,393",44.9,55.1,0.7,"1,037,906","549,289",47.1,52.9,0.6,"498,310","214,534",56.9,43.1,0.6,"214,506","82,621",61.5,38.5,0.5
2/16/2022 0:00,Race_eth_NHBlack,US,"12,428,307","7,001,483",43.7,56.3,7.3,"12,428,307","7,001,483",43.7,56.3,7.3,"11,555,565","6,305,180",45.4,54.6,7.2,"6,321,023","2,745,689",56.6,43.4,7.3,"2,705,034","992,520",63.3,36.7,6.3
2/16/2022 0:00,Total_Population,US,"171,090,583","85,466,708",50,50,100,"171,090,583","85,466,708",50,50,100,"160,793,157","78,275,615",51.3,48.7,100,"86,548,358","34,135,175",60.6,39.4,100,"43,100,995","14,628,361",66.1,33.9,100
2/16/2022 0:00,Race_eth_Hispanic,US,"21,848,243","13,301,339",39.1,60.9,12.8,"21,848,243","13,301,339",39.1,60.9,12.8,"19,609,987","11,586,350",40.9,59.1,12.2,"7,535,356","3,484,755",53.8,46.2,8.7,"2,861,510","1,121,989",60.8,39.2,6.6
2/16/2022 0:00,Race_eth_unknown,US,"41,279,304","21,701,995",47.4,52.6,24.1,"41,279,304","21,701,995",47.4,52.6,24.1,"39,803,256","20,631,888",48.2,51.8,24.8,"21,372,404","9,205,191",56.9,43.1,24.7,"10,376,161","3,907,338",62.3,37.7,24.1
2/16/2022 0:00,Race_eth_NHNHOPI,US,"420,167","229,894",45.3,54.7,0.2,"420,167","229,894",45.3,54.7,0.2,"383,993","203,780",46.9,53.1,0.2,"159,191","65,820",58.7,41.3,0.2,"63,864","23,121",63.8,36.2,0.1
2/16/2022 0:00,Race_eth_NHAsian,US,"9,066,999","3,769,018",58.4,41.6,5.3,"9,066,999","3,769,018",58.4,41.6,5.3,"8,294,800","3,325,481",59.9,40.1,5.2,"3,245,758","1,041,967",67.9,32.1,3.8,"1,343,772","368,452",72.6,27.4,3.1
2/16/2022 0:00,Race_eth_NHMult_Oth,US,"6,163,387","3,039,240",50.7,49.3,3.6,"6,163,387","3,039,240",50.7,49.3,3.6,"5,617,946","2,668,065",52.5,47.5,3.5,"2,816,263","1,066,278",62.1,37.9,3.3,"1,434,439","477,961",66.7,33.3,3.3
2/16/2022 0:00,Race_eth_known,US,"129,811,279","63,764,713",50.9,49.1,75.9,"129,811,279","63,764,713",50.9,49.1,75.9,"120,989,901","57,643,727",52.4,47.6,75.2,"65,175,954","24,929,984",61.7,38.3,75.3,"32,724,834","10,721,023",67.2,32.8,75.9
2/16/2022 0:00,Race_eth_NHWhite,US,"78,731,931","35,789,346",54.5,45.5,46,"78,731,931","35,789,346",54.5,45.5,46,"74,489,704","33,005,582",55.7,44.3,46.3,"44,600,053","16,310,941",63.4,36.6,51.5,"24,101,709","7,654,359",68.2,31.8,55.9
2/9/2022 0:00,Race_eth_NHBlack,US,"12,163,047","6,886,325",43.4,56.6,7.2,"12,163,047","6,886,325",43.4,56.6,7.2,"11,335,721","6,221,778",45.1,54.9,7.1,"6,257,015","2,752,082",56,44,7.3,"2,688,196","1,000,132",62.8,37.2,6.3
2/9/2022 0:00,Race_eth_Hispanic,US,"21,397,183","13,159,745",38.5,61.5,12.7,"21,397,183","13,159,745",38.5,61.5,12.7,"19,255,848","11,493,011",40.3,59.7,12.1,"7,462,310","3,505,036",53,47,8.7,"2,842,471","1,132,462",60.2,39.8,6.6
2/9/2022 0:00,Race_eth_NHWhite,US,"77,875,212","35,497,762",54.4,45.6,46.1,"77,875,212","35,497,762",54.4,45.6,46.1,"73,763,244","32,771,470",55.6,44.4,46.4,"44,336,213","16,297,938",63.2,36.8,51.6,"24,016,161","7,677,858",68,32,55.9
2/9/2022 0:00,Total_Population,US,"168,848,643","84,755,218",49.8,50.2,100,"168,848,643","84,755,218",49.8,50.2,100,"158,910,865","77,736,597",51.1,48.9,100,"85,962,840","34,161,917",60.3,39.7,100,"42,926,402","14,691,143",65.8,34.2,100
2/9/2022 0:00,Race_eth_NHAIAN,US,"1,134,143","628,391",44.6,55.4,0.7,"1,134,143","628,391",44.6,55.4,0.7,"1,023,777","545,078",46.8,53.2,0.6,"494,540","214,917",56.5,43.5,0.6,"213,555","83,170",61.1,38.9,0.5
2/9/2022 0:00,Race_eth_NHNHOPI,US,"412,180","227,438",44.8,55.2,0.2,"412,180","227,438",44.8,55.2,0.2,"377,506","202,088",46.5,53.5,0.2,"157,756","66,238",58,42,0.2,"63,500","23,329",63.3,36.7,0.1
2/9/2022 0:00,Race_eth_NHMult_Oth,US,"6,063,654","3,004,048",50.5,49.5,3.6,"6,063,654","3,004,048",50.5,49.5,3.6,"5,537,754","2,642,167",52.3,47.7,3.5,"2,793,700","1,066,611",61.8,38.2,3.2,"1,428,036","480,639",66.3,33.7,3.3
2/9/2022 0:00,Race_eth_known,US,"128,050,468","63,214,100",50.6,49.4,75.8,"128,050,468","63,214,100",50.6,49.4,75.8,"119,538,288","57,236,357",52.1,47.9,75.2,"64,734,680","24,958,846",61.4,38.6,75.3,"32,591,460","10,770,308",67,33,75.9
2/9/2022 0:00,Race_eth_unknown,US,"40,798,175","21,541,118",47.2,52.8,24.2,"40,798,175","21,541,118",47.2,52.8,24.2,"39,372,577","20,500,240",47.9,52.1,24.8,"21,228,160","9,203,071",56.6,43.4,24.7,"10,334,942","3,920,835",62.1,37.9,24.1
2/9/2022 0:00,Race_eth_NHAsian,US,"9,005,049","3,810,391",57.7,42.3,5.3,"9,005,049","3,810,391",57.7,42.3,5.3,"8,244,438","3,360,765",59.2,40.8,5.2,"3,233,146","1,056,024",67.3,32.7,3.8,"1,339,541","372,718",72.2,27.8,3.1
2/2/2022 0:00,Race_eth_NHAIAN,US,"1,110,720","623,495",43.9,56.1,0.7,"1,110,720","623,495",43.9,56.1,0.7,"1,005,279","542,355",46,54,0.6,"488,752","215,846",55.8,44.2,0.6,"211,946","83,789",60.5,39.5,0.5
2/2/2022 0:00,Race_eth_unknown,US,"40,393,849","21,471,238",46.8,53.2,24.2,"40,393,849","21,471,238",46.8,53.2,24.2,"39,018,980","20,457,115",47.6,52.4,24.8,"21,110,262","9,228,922",56.3,43.7,24.7,"10,303,706","3,941,301",61.7,38.3,24.1
2/2/2022 0:00,Race_eth_NHWhite,US,"77,033,548","35,363,853",54.1,45.9,46.2,"77,033,548","35,363,853",54.1,45.9,46.2,"73,061,476","32,687,158",55.3,44.7,46.5,"44,056,608","16,338,699",62.9,37.1,51.6,"23,913,812","7,716,772",67.7,32.3,55.9
2/2/2022 0:00,Race_eth_Hispanic,US,"20,950,197","13,096,397",37.5,62.5,12.6,"20,950,197","13,096,397",37.5,62.5,12.6,"18,915,130","11,473,226",39.3,60.7,12,"7,388,634","3,547,967",52,48,8.7,"2,823,476","1,150,454",59.3,40.7,6.6
2/2/2022 0:00,Race_eth_NHBlack,US,"11,911,532","6,789,236",43,57,7.1,"11,911,532","6,789,236",43,57,7.1,"11,131,554","6,157,626",44.7,55.3,7.1,"6,193,591","2,761,469",55.4,44.6,7.3,"2,670,913","1,008,166",62.3,37.7,6.2
2/2/2022 0:00,Total_Population,US,"166,711,367","84,416,108",49.4,50.6,100,"166,711,367","84,416,108",49.4,50.6,100,"157,160,022","77,555,509",50.7,49.3,100,"85,385,707","34,301,896",59.8,40.2,100,"42,743,388","14,784,980",65.4,34.6,100
2/2/2022 0:00,Race_eth_NHAsian,US,"8,937,412","3,862,283",56.8,43.2,5.4,"8,937,412","3,862,283",56.8,43.2,5.4,"8,190,942","3,405,888",58.4,41.6,5.2,"3,218,320","1,071,673",66.7,33.3,3.8,"1,334,454","377,605",71.7,28.3,3.1
2/2/2022 0:00,Race_eth_NHMult_Oth,US,"5,970,366","2,983,114",50,50,3.6,"5,970,366","2,983,114",50,50,3.6,"5,465,836","2,630,150",51.9,48.1,3.5,"2,773,303","1,070,177",61.4,38.6,3.2,"1,422,002","483,231",66,34,3.3
2/2/2022 0:00,Race_eth_NHNHOPI,US,"403,743","226,492",43.9,56.1,0.2,"403,743","226,492",43.9,56.1,0.2,"370,825","201,991",45.5,54.5,0.2,"156,237","67,143",57,43,0.2,"63,079","23,662",62.5,37.5,0.1
2/2/2022 0:00,Race_eth_known,US,"126,317,518","62,944,870",50.2,49.8,75.8,"126,317,518","62,944,870",50.2,49.8,75.8,"118,141,042","57,098,394",51.7,48.3,75.2,"64,275,445","25,072,974",61,39,75.3,"32,439,682","10,843,679",66.6,33.4,75.9
1/26/2022 0:00,Race_eth_NHMult_Oth,US,"5,847,664","3,002,376",48.7,51.3,3.6,,,,,,"5,370,900","2,656,816",50.5,49.5,3.5,"2,741,391","1,092,767",60.1,39.9,3.2,"1,410,592","495,836",64.8,35.2,3.3
1/26/2022 0:00,Race_eth_unknown,US,"40,002,066","21,938,731",45.2,54.8,24.4,,,,,,"38,693,720","20,949,167",45.9,54.1,24.9,"21,020,609","9,579,092",54.4,45.6,24.8,"10,291,445","4,132,902",59.8,40.2,24.2
1/26/2022 0:00,Race_eth_NHBlack,US,"11,611,476","6,704,228",42.3,57.7,7.1,,,,,,"10,891,273","6,112,481",43.9,56.1,7,"6,114,791","2,785,825",54.4,45.6,7.2,"2,648,352","1,022,577",61.4,38.6,6.2
1/26/2022 0:00,Race_eth_NHAIAN,US,"1,091,808","625,487",42.7,57.3,0.7,,,,,,"991,706","545,990",44.9,55.1,0.6,"484,657","219,163",54.8,45.2,0.6,"210,759","85,218",59.6,40.4,0.5
1/26/2022 0:00,Race_eth_known,US,"124,177,382","63,175,407",49.1,50.9,75.6,,,,,,"116,432,819","57,458,610",50.7,49.3,75.1,"63,673,101","25,441,771",60,40,75.2,"32,225,196","11,035,590",65.8,34.2,75.8
1/26/2022 0:00,Total_Population,US,"164,179,448","85,114,138",48.2,51.8,100,,,,,,"155,126,539","78,407,777",49.5,50.5,100,"84,693,710","35,020,863",58.6,41.4,100,"42,516,641","15,168,492",64.3,35.7,100
1/26/2022 0:00,Race_eth_NHAsian,US,"8,825,098","4,004,866",54.6,45.4,5.4,,,,,,"8,099,434","3,532,891",56.4,43.6,5.2,"3,183,356","1,114,878",65,35,3.8,"1,317,945","391,853",70.3,29.7,3.1
1/26/2022 0:00,Race_eth_NHNHOPI,US,"394,464","228,891",42,58,0.2,,,,,,"363,660","205,097",43.6,56.4,0.2,"154,369","69,320",55.1,44.9,0.2,"62,557","24,440",60.9,39.1,0.1
1/26/2022 0:00,Race_eth_NHWhite,US,"76,064,718","35,496,576",53.3,46.7,46.3,,,,,,"72,261,566","32,853,006",54.5,45.5,46.6,"43,723,433","16,524,562",62.2,37.8,51.6,"23,788,708","7,833,195",67.1,32.9,56
1/26/2022 0:00,Race_eth_Hispanic,US,"20,342,154","13,112,983",35.5,64.5,12.4,,,,,,"18,454,280","11,552,329",37.4,62.6,11.9,"7,271,104","3,635,256",50,50,8.6,"2,786,283","1,182,471",57.6,42.4,6.6
1/19/2022 0:00,Race_eth_NHWhite,US,"75,078,607","35,936,818",52.1,47.9,46.4,,,,,,"71,443,460","33,255,216",53.5,46.5,46.6,"43,365,334","16,792,981",61.3,38.7,51.6,"23,646,265","7,955,517",66.4,33.6,55.9
1/19/2022 0:00,Race_eth_NHBlack,US,"11,287,990","6,645,713",41.1,58.9,7,,,,,,"10,629,627","6,089,574",42.7,57.3,6.9,"6,019,241","2,818,156",53.2,46.8,7.2,"2,618,243","1,038,728",60.3,39.7,6.2
1/19/2022 0:00,Race_eth_NHNHOPI,US,"389,884","233,032",40.2,59.8,0.2,,,,,,"360,606","209,319",42,58,0.2,"153,741","71,559",53.5,46.5,0.2,"62,297","25,177",59.6,40.4,0.1
1/19/2022 0:00,Race_eth_NHMult_Oth,US,"5,658,801","2,996,408",47,53,3.5,,,,,,"5,208,977","2,650,756",49.1,50.9,3.4,"2,654,922","1,087,950",59,41,3.2,"1,364,793","490,940",64,36,3.2
1/19/2022 0:00,Race_eth_Hispanic,US,"19,848,550","13,188,600",33.6,66.4,12.3,,,,,,"18,085,558","11,668,406",35.5,64.5,11.8,"7,183,818","3,727,658",48.1,51.9,8.6,"2,762,405","1,214,935",56,44,6.5
1/19/2022 0:00,Race_eth_unknown,US,"39,729,418","22,242,356",44,56,24.6,,,,,,"38,478,304","21,254,186",44.8,55.2,25.1,"20,996,954","9,769,637",53.5,46.5,25,"10,324,095","4,220,264",59.1,40.9,24.4
1/19/2022 0:00,Race_eth_NHAsian,US,"8,734,490","4,167,496",52.3,47.7,5.4,,,,,,"8,027,659","3,666,453",54.3,45.7,5.2,"3,161,904","1,157,149",63.4,36.6,3.8,"1,310,281","404,249",69.1,30.9,3.1
1/19/2022 0:00,Race_eth_NHAIAN,US,"1,073,424","629,540",41.4,58.6,0.7,,,,,,"978,375","550,584",43.7,56.3,0.6,"480,336","222,320",53.7,46.3,0.6,"209,563","86,671",58.6,41.4,0.5
1/19/2022 0:00,Race_eth_known,US,"122,071,746","63,797,607",47.7,52.3,75.4,,,,,,"114,734,262","58,090,308",49.4,50.6,74.9,"63,019,296","25,877,773",58.9,41.1,75,"31,973,847","11,216,217",64.9,35.1,75.6
1/19/2022 0:00,Total_Population,US,"161,801,164","86,039,963",46.8,53.2,100,,,,,,"153,212,566","79,344,494",48.2,51.8,100,"84,016,250","35,647,410",57.6,42.4,100,"42,297,942","15,436,481",63.5,36.5,100
